gameId,teamNumber,characterNum1,bestWeapon1,characterNum2,bestWeapon2,characterNum3,bestWeapon3,comboKey,gameRank,isFirstPlace
58957300,1,30,13,57,23,67,14,30:13|57:23|67:14,1,1
58955830,2,49,19,67,14,69,9,49:19|67:14|69:9,1,1
58981887,1,6,8,11,18,50,21,6:8|11:18|50:21,3,0
58955830,1,38,9,50,21,84,18,38:9|50:21|84:18,2,0
58955026,1,30,13,31,7,46,16,30:13|31:7|46:16,5,0
58953959,1,24,3,61,5,72,11,24:3|61:5|72:11,5,0
58953017,1,24,3,44,25,72,11,24:3|44:25|72:11,4,0
58924041,1,47,4,70,6,86,1,47:4|70:6|86:1,3,0
58950611,1,4,13,23,15,62,11,4:13|23:15|62:11,3,0
58949138,1,23,15,67,14,79,8,23:15|67:14|79:8,7,0
58948004,1,23,15,32,5,53,13,23:15|32:5|53:13,2,0
58947557,1,22,3,23,15,42,24,22:3|23:15|42:24,4,0
58974779,1,8,22,83,6,87,24,8:22|83:6|87:24,1,1
58967946,2,65,16,80,19,87,24,65:16|80:19|87:24,3,0
58967621,1,38,9,41,24,78,16,38:9|41:24|78:16,1,1
58966423,1,11,16,53,14,87,24,11:16|53:14|87:24,4,0
58964203,2,6,7,8,22,87,24,6:7|8:22|87:24,1,1
58983123,1,29,1,36,5,79,8,29:1|36:5|79:8,7,0
58981887,2,40,6,77,24,87,24,40:6|77:24|87:24,1,1
58980293,1,27,16,61,5,63,15,27:16|61:5|63:15,4,0
58979359,1,57,23,77,24,87,24,57:23|77:24|87:24,1,1
58980016,1,18,15,47,4,70,6,18:15|47:4|70:6,1,1
58979176,1,6,8,18,15,47,4,6:8|18:15|47:4,2,0
58978572,1,18,15,47,4,70,6,18:15|47:4|70:6,3,0
58975163,1,27,16,59,2,79,8,27:16|59:2|79:8,3,0
58974250,1,21,9,27,2,79,8,21:9|27:2|79:8,2,0
58973437,1,29,1,37,15,47,4,29:1|37:15|47:4,2,0
58973008,1,9,10,68,1,79,8,9:10|68:1|79:8,2,0
58972713,1,47,4,62,11,84,18,47:4|62:11|84:18,6,0
58971807,1,22,3,47,4,61,5,22:3|47:4|61:5,2,0
58970869,1,14,21,47,4,79,8,14:21|47:4|79:8,1,1
58970605,1,14,21,44,25,79,8,14:21|44:25|79:8,7,0
58960505,1,6,7,57,23,58,10,6:7|57:23|58:10,1,1
58959773,1,9,9,49,19,56,20,9:9|49:19|56:20,7,0
58957629,1,5,6,59,2,84,18,5:6|59:2|84:18,1,1
58947557,2,12,7,48,3,71,14,12:7|48:3|71:14,1,1
58946518,2,49,19,59,2,66,24,49:19|59:2|66:24,7,0
58945857,1,32,5,65,16,85,13,32:5|65:16|85:13,2,0
58944854,2,25,11,31,7,55,14,25:11|31:7|55:14,7,0
58976776,2,27,9,58,10,80,19,27:9|58:10|80:19,6,0
58976260,1,20,4,34,23,58,10,20:4|34:23|58:10,2,0
58975644,1,58,10,65,16,74,3,58:10|65:16|74:3,1,1
58969346,3,14,21,30,13,58,10,14:21|30:13|58:10,5,0
58932106,1,1,14,7,1,77,24,1:14|7:1|77:24,2,0
58976165,2,19,6,35,1,65,16,19:6|35:1|65:16,3,0
58946166,3,14,21,54,8,65,16,14:21|54:8|65:16,2,0
58930267,1,39,21,65,16,68,1,39:21|65:16|68:1,1,1
58969152,1,14,21,73,24,79,8,14:21|73:24|79:8,7,0
58968975,1,32,5,79,8,80,19,32:5|79:8|80:19,7,0
58968647,1,6,8,24,3,79,8,6:8|24:3|79:8,7,0
58968525,1,3,19,24,21,49,19,3:19|24:21|49:19,3,0
58968385,1,21,9,74,3,87,24,21:9|74:3|87:24,6,0
58967946,1,43,5,54,8,72,11,43:5|54:8|72:11,6,0
58967786,1,8,22,54,8,87,24,8:22|54:8|87:24,6,0
58967471,1,59,2,82,21,87,24,59:2|82:21|87:24,2,0
58967244,1,27,9,32,5,87,24,27:9|32:5|87:24,8,0
58966807,1,32,5,63,15,87,24,32:5|63:15|87:24,1,1
58966423,2,32,5,36,5,85,13,32:5|36:5|85:13,1,1
58982829,1,26,9,31,7,33,1,26:9|31:7|33:1,7,0
58969727,1,14,21,53,14,70,6,14:21|53:14|70:6,2,0
58969527,2,14,21,53,14,70,6,14:21|53:14|70:6,6,0
58968808,2,16,9,53,14,79,8,16:9|53:14|79:8,3,0
58946518,1,2,11,14,21,54,8,2:11|14:21|54:8,3,0
58935459,1,2,10,68,1,79,8,2:10|68:1|79:8,1,1
58968525,2,44,25,80,19,87,24,44:25|80:19|87:24,2,0
58864692,2,29,1,44,25,87,24,29:1|44:25|87:24,2,0
58956101,1,3,16,47,4,62,11,3:16|47:4|62:11,2,0
58952115,2,3,16,4,13,25,11,3:16|4:13|25:11,2,0
58967786,2,65,16,72,11,87,24,65:16|72:11|87:24,8,0
58967621,2,54,8,80,19,87,24,54:8|80:19|87:24,4,0
58967244,3,53,13,70,6,79,8,53:13|70:6|79:8,1,1
58965740,1,72,11,80,19,87,24,72:11|80:19|87:24,7,0
58965135,1,2,9,8,22,72,11,2:9|8:22|72:11,1,1
58961305,1,33,1,62,11,70,6,33:1|62:11|70:6,5,0
58955467,1,54,8,56,20,59,2,54:8|56:20|59:2,2,0
58932747,1,3,21,56,20,81,9,3:21|56:20|81:9,6,0
58975458,1,37,15,44,25,56,20,37:15|44:25|56:20,1,1
58983123,2,3,21,44,25,65,16,3:21|44:25|65:16,6,0
58982247,1,79,8,80,19,85,13,79:8|80:19|85:13,6,0
58972523,2,3,21,70,6,86,1,3:21|70:6|86:1,5,0
58971672,1,1,16,44,25,56,20,1:16|44:25|56:20,3,0
58971016,2,1,16,37,15,44,25,1:16|37:15|44:25,1,1
58970178,1,14,21,21,9,44,25,14:21|21:9|44:25,1,1
58958607,1,38,9,44,25,47,4,38:9|44:25|47:4,1,1
58949002,3,1,18,44,25,79,8,1:18|44:25|79:8,2,0
58921586,3,2,10,44,25,63,15,2:10|44:25|63:15,1,1
58965740,2,16,9,39,21,80,19,16:9|39:21|80:19,2,0
58965135,2,16,9,19,6,59,2,16:9|19:6|59:2,2,0
58964076,2,16,9,59,2,65,16,16:9|59:2|65:16,1,1
58963541,1,9,9,16,9,53,14,9:9|16:9|53:14,4,0
58962854,1,16,9,49,19,63,15,16:9|49:19|63:15,1,1
58961914,1,16,9,25,11,53,14,16:9|25:11|53:14,1,1
58982829,2,17,5,25,11,28,3,17:5|25:11|28:3,6,0
58982050,1,4,3,16,9,59,2,4:3|16:9|59:2,7,0
58951459,2,16,9,26,9,35,1,16:9|26:9|35:1,7,0
58938622,2,16,9,70,6,80,19,16:9|70:6|80:19,2,0
58938326,1,16,9,62,11,85,13,16:9|62:11|85:13,4,0
58980016,2,3,21,36,5,59,2,3:21|36:5|59:2,3,0
58979359,2,10,1,36,5,84,18,10:1|36:5|84:18,4,0
58978700,1,36,5,49,19,57,23,36:5|49:19|57:23,3,0
58977569,1,7,1,20,4,36,5,7:1|20:4|36:5,2,0
58965559,2,11,18,33,1,57,23,11:18|33:1|57:23,2,0
58964990,1,32,5,33,1,65,16,32:5|33:1|65:16,2,0
58934842,3,2,9,23,15,33,1,2:9|23:15|33:1,1,1
58933834,2,12,7,33,1,59,2,12:7|33:1|59:2,2,0
58931599,2,33,1,41,24,71,14,33:1|41:24|71:14,2,0
58976337,1,9,9,70,6,79,8,9:9|70:6|79:8,1,1
58975879,2,9,9,74,3,79,8,9:9|74:3|79:8,4,0
58975298,1,7,1,9,9,32,5,7:1|9:9|32:5,2,0
58955603,1,18,15,25,11,29,1,18:15|25:11|29:1,3,0
58950980,2,14,21,25,11,33,1,14:21|25:11|33:1,1,1
58948350,3,16,9,72,11,79,8,16:9|72:11|79:8,2,0
58947557,3,8,22,26,9,72,11,8:22|26:9|72:11,8,0
58973229,1,35,1,60,6,73,24,35:1|60:6|73:24,1,1
58972851,2,35,2,59,2,79,8,35:2|59:2|79:8,4,0
58980016,3,15,5,18,15,67,14,15:5|18:15|67:14,6,0
58979359,3,15,5,53,14,59,2,15:5|53:14|59:2,5,0
58978700,2,15,5,63,15,67,14,15:5|63:15|67:14,5,0
58976946,2,15,5,18,15,47,4,15:5|18:15|47:4,1,1
58970178,2,8,22,15,5,79,8,8:22|15:5|79:8,6,0
58948484,1,13,19,15,6,62,11,13:19|15:6|62:11,1,1
58946718,3,15,5,37,15,53,14,15:5|37:15|53:14,6,0
58942469,1,11,16,15,5,70,6,11:16|15:5|70:6,4,0
58976776,3,6,8,20,4,39,21,6:8|20:4|39:21,7,0
58957629,2,6,8,65,16,85,13,6:8|65:16|85:13,3,0
58951059,1,6,8,20,4,87,24,6:8|20:4|87:24,7,0
58950454,1,20,4,31,7,87,24,20:4|31:7|87:24,4,0
58962213,4,22,3,62,11,70,6,22:3|62:11|70:6,1,1
58961016,2,31,7,47,4,70,6,31:7|47:4|70:6,1,1
58952427,5,1,18,6,7,56,20,1:18|6:7|56:20,1,1
58951459,4,2,10,23,15,44,25,2:10|23:15|44:25,1,1
58977798,2,3,21,37,15,59,2,3:21|37:15|59:2,2,0
58977286,2,14,21,59,2,70,6,14:21|59:2|70:6,2,0
58976683,1,3,21,14,21,27,9,3:21|14:21|27:9,2,0
58976165,6,3,21,22,3,77,24,3:21|22:3|77:24,1,1
58948350,5,18,15,35,2,46,16,18:15|35:2|46:16,6,0
58972713,3,12,6,15,5,86,1,12:6|15:5|86:1,3,0
58920996,3,12,6,27,6,46,16,12:6|27:6|46:16,2,0
58912701,7,12,6,21,9,44,25,12:6|21:9|44:25,1,1
58911630,1,7,2,42,24,43,5,7:2|42:24|43:5,6,0
58973585,1,7,2,21,9,48,3,7:2|21:9|48:3,4,0
58966991,2,35,1,42,24,70,6,35:1|42:24|70:6,5,0
58966593,2,7,1,19,6,48,3,7:1|19:6|48:3,1,1
58945967,3,3,21,13,15,72,11,3:21|13:15|72:11,3,0
58945106,3,9,9,24,3,72,11,9:9|24:3|72:11,4,0
58936907,1,8,22,9,9,48,3,8:22|9:9|48:3,2,0
58934047,3,24,21,51,22,72,11,24:21|51:22|72:11,6,0
58979919,2,11,18,18,15,61,5,11:18|18:15|61:5,3,0
58979176,2,18,15,45,4,70,6,18:15|45:4|70:6,3,0
58978820,1,13,19,31,7,87,24,13:19|31:7|87:24,7,0
58974250,2,18,15,44,25,49,19,18:15|44:25|49:19,3,0
58973942,1,18,15,27,9,44,25,18:15|27:9|44:25,5,0
58968647,2,18,15,20,4,21,9,18:15|20:4|21:9,6,0
58956719,3,18,15,53,14,70,6,18:15|53:14|70:6,1,1
58955026,2,18,15,50,21,61,5,18:15|50:21|61:5,6,0
58953540,2,18,15,46,16,73,24,18:15|46:16|73:24,6,0
58952427,1,18,15,35,1,45,4,18:15|35:1|45:4,2,0
58951459,3,5,6,13,15,18,15,5:6|13:15|18:15,4,0
58936358,2,18,15,65,16,69,9,18:15|65:16|69:9,1,1
58976337,2,19,24,23,15,39,18,19:24|23:15|39:18,3,0
58963861,3,3,21,21,9,42,24,3:21|21:9|42:24,1,1
58961164,1,24,21,49,19,64,24,24:21|49:19|64:24,1,1
58949138,4,8,22,24,21,26,9,8:22|24:21|26:9,1,1
58969527,4,61,5,65,16,70,6,61:5|65:16|70:6,2,0
58969346,5,12,6,49,19,61,5,12:6|49:19|61:5,4,0
58968647,4,51,22,59,2,61,5,51:22|59:2|61:5,2,0
58968525,4,6,7,21,9,61,5,6:7|21:9|61:5,5,0
58968385,4,5,5,22,3,61,5,5:5|22:3|61:5,7,0
58973114,5,51,22,53,13,77,24,51:22|53:13|77:24,1,1
58972523,4,9,10,71,14,87,24,9:10|71:14|87:24,1,1
58971860,2,25,11,35,1,74,3,25:11|35:1|74:3,5,0
58971121,3,3,21,18,15,42,24,3:21|18:15|42:24,1,1
58932963,6,6,8,7,2,17,5,6:8|7:2|17:5,1,1
58930695,7,17,5,72,11,87,24,17:5|72:11|87:24,2,0
58980752,1,19,6,24,21,86,1,19:6|24:21|86:1,4,0
58980293,2,7,1,39,18,87,24,7:1|39:18|87:24,7,0
58979030,1,47,4,80,19,87,24,47:4|80:19|87:24,6,0
58978388,1,30,13,70,6,87,24,30:13|70:6|87:24,1,1
58977798,1,35,2,39,18,87,24,35:2|39:18|87:24,1,1
58977391,2,29,1,50,21,87,24,29:1|50:21|87:24,6,0
58976946,3,1,16,44,25,87,24,1:16|44:25|87:24,4,0
58975981,1,44,25,60,6,87,24,44:25|60:6|87:24,4,0
58973697,1,4,3,53,14,87,24,4:3|53:14|87:24,8,0
58972713,2,51,22,61,5,87,24,51:22|61:5|87:24,4,0
58971527,1,44,25,59,2,87,24,44:25|59:2|87:24,1,1
58971016,1,28,13,44,25,87,24,28:13|44:25|87:24,4,0
58970745,3,19,6,20,4,70,6,19:6|20:4|70:6,1,1
58969936,3,6,8,19,6,44,25,6:8|19:6|44:25,4,0
58969727,4,19,6,30,13,87,24,19:6|30:13|87:24,6,0
58968975,7,19,6,20,4,74,3,19:6|20:4|74:3,1,1
58911630,7,19,6,21,9,85,13,19:6|21:9|85:13,5,0
58962605,3,32,5,67,14,82,21,32:5|67:14|82:21,1,1
58960663,4,7,1,13,19,32,5,7:1|13:19|32:5,1,1
58957772,2,7,1,21,9,62,11,7:1|21:9|62:11,6,0
58956579,5,21,9,32,5,43,5,21:9|32:5|43:5,3,0
58954243,3,32,5,55,14,57,23,32:5|55:14|57:23,2,0
58929711,3,16,9,17,5,21,9,16:9|17:5|21:9,4,0
58981201,3,3,21,42,24,70,6,3:21|42:24|70:6,2,0
58979467,2,2,9,77,24,85,13,2:9|77:24|85:13,1,1
58978700,7,58,10,62,11,85,13,58:10|62:11|85:13,1,1
58978205,4,67,14,82,21,85,13,67:14|82:21|85:13,6,0
58977798,3,59,2,67,14,85,13,59:2|67:14|85:13,7,0
58977436,2,25,11,39,18,85,13,25:11|39:18|85:13,7,0
58951973,3,22,3,39,21,80,19,22:3|39:21|80:19,3,0
58948126,5,4,13,39,21,48,3,4:13|39:21|48:3,1,1
58947046,4,2,9,39,18,54,8,2:9|39:18|54:8,6,0
58946607,3,22,3,26,9,39,18,22:3|26:9|39:18,5,0
58934242,6,35,1,39,21,58,10,35:1|39:21|58:10,3,0
58975584,2,7,1,43,5,70,6,7:1|43:5|70:6,1,1
58974652,2,7,1,25,11,53,13,7:1|25:11|53:13,4,0
58961016,1,38,9,58,10,79,8,38:9|58:10|79:8,2,0
58957985,2,53,13,72,11,79,8,53:13|72:11|79:8,1,1
58960209,4,3,21,12,7,44,25,3:21|12:7|44:25,2,0
58957629,4,3,21,40,6,56,20,3:21|40:6|56:20,4,0
58946518,6,1,14,8,22,13,15,1:14|8:22|13:15,2,0
58945530,4,31,7,52,24,84,18,31:7|52:24|84:18,2,0
58944152,1,53,14,56,20,87,24,53:14|56:20|87:24,2,0
58982247,2,3,21,38,9,74,3,3:21|38:9|74:3,1,1
58981201,4,6,8,10,1,20,4,6:8|10:1|20:4,4,0
58980444,1,6,8,7,1,75,22,6:8|7:1|75:22,5,0
58980016,4,32,5,44,25,74,3,32:5|44:25|74:3,7,0
58978572,2,38,9,65,16,73,24,38:9|65:16|73:24,2,0
58977569,2,23,15,30,13,70,6,23:15|30:13|70:6,8,0
58977066,2,21,9,27,9,35,2,21:9|27:9|35:2,3,0
58976569,2,9,10,30,13,58,10,9:10|30:13|58:10,4,0
58962605,1,46,16,63,15,70,6,46:16|63:15|70:6,2,0
58961679,1,20,4,21,9,80,19,20:4|21:9|80:19,2,0
58960505,2,6,8,20,4,49,19,6:8|20:4|49:19,3,0
58925629,5,10,20,17,5,50,21,10:20|17:5|50:21,2,0
58906755,6,2,10,35,2,74,3,2:10|35:2|74:3,3,0
58905674,7,2,11,10,20,79,8,2:11|10:20|79:8,4,0
58951602,1,11,16,16,9,54,8,11:16|16:9|54:8,4,0
58959441,1,80,19,82,21,87,24,80:19|82:21|87:24,4,0
58955026,3,8,22,64,24,87,24,8:22|64:24|87:24,3,0
58951602,5,55,14,67,14,87,24,55:14|67:14|87:24,1,1
58977436,3,3,21,37,15,70,6,3:21|37:15|70:6,6,0
58976867,1,33,1,37,15,61,5,33:1|37:15|61:5,3,0
58975981,2,22,3,37,15,54,8,22:3|37:15|54:8,2,0
58974652,4,18,15,19,6,31,7,18:15|19:6|31:7,1,1
58974086,3,12,7,19,6,68,1,12:7|19:6|68:1,2,0
58973697,6,19,6,53,13,77,24,19:6|53:13|77:24,1,1
58973229,7,5,6,19,6,59,2,5:6|19:6|59:2,3,0
58972467,8,19,6,27,16,87,24,19:6|27:16|87:24,4,0
58972319,8,19,6,61,5,86,1,19:6|61:5|86:1,8,0
58972116,7,15,5,20,4,87,24,15:5|20:4|87:24,6,0
58971860,5,35,2,86,1,87,24,35:2|86:1|87:24,7,0
58945967,8,1,16,19,6,36,5,1:16|19:6|36:5,4,0
58945662,7,27,16,56,20,87,24,27:16|56:20|87:24,6,0
58944397,6,3,21,67,14,87,24,3:21|67:14|87:24,1,1
58902741,4,20,4,44,25,72,11,20:4|44:25|72:11,6,0
58967786,4,6,8,53,14,54,8,6:8|53:14|54:8,5,0
58967621,4,31,7,53,13,54,8,31:7|53:13|54:8,6,0
58954569,5,13,19,52,24,72,11,13:19|52:24|72:11,2,0
58953737,3,6,7,28,13,57,23,6:7|28:13|57:23,7,0
58950516,2,1,16,9,9,21,9,1:16|9:9|21:9,7,0
58949484,2,7,1,32,5,40,6,7:1|32:5|40:6,8,0
58982829,5,7,1,59,2,69,9,7:1|59:2|69:9,3,0
58981718,1,48,3,53,13,63,15,48:3|53:13|63:15,3,0
58980949,2,24,21,33,1,47,4,24:21|33:1|47:4,7,0
58980016,7,4,3,40,6,83,6,4:3|40:6|83:6,4,0
58979359,4,3,19,35,1,40,6,3:19|35:1|40:6,3,0
58955139,3,21,9,35,2,76,3,21:9|35:2|76:3,1,1
58938082,6,12,7,33,1,70,6,12:7|33:1|70:6,6,0
58935626,4,9,10,66,24,80,19,9:10|66:24|80:19,5,0
58932747,4,8,22,35,2,79,8,8:22|35:2|79:8,3,0
58932106,5,3,21,6,7,35,2,3:21|6:7|35:2,6,0
58980016,5,8,22,28,13,43,5,8:22|28:13|43:5,5,0
58979176,4,8,22,28,13,30,13,8:22|28:13|30:13,1,1
58978700,4,6,7,8,22,83,6,6:7|8:22|83:6,7,0
58978205,3,8,22,53,13,57,23,8:22|53:13|57:23,5,0
58977391,3,8,22,39,21,61,5,8:22|39:21|61:5,4,0
58976776,4,8,22,11,16,31,7,8:22|11:16|31:7,1,1
58976260,4,2,9,8,22,74,3,2:9|8:22|74:3,3,0
58953139,5,8,22,48,3,53,14,8:22|48:3|53:14,1,1
58952115,8,8,22,57,23,59,2,8:22|57:23|59:2,1,1
58949597,6,4,13,8,22,18,15,4:13|8:22|18:15,7,0
58973437,3,43,5,50,21,70,6,43:5|50:21|70:6,3,0
58972713,4,6,8,26,9,68,1,6:8|26:9|68:1,7,0
58968808,6,26,9,49,19,56,20,26:9|49:19|56:20,7,0
58948828,2,19,6,72,11,83,6,19:6|72:11|83:6,1,1
58976683,4,30,13,43,5,63,15,30:13|43:5|63:15,1,1
58976165,4,16,9,30,13,43,5,16:9|30:13|43:5,4,0
58954774,8,16,9,30,13,43,5,16:9|30:13|43:5,4,0
58947676,7,30,13,58,10,62,11,30:13|58:10|62:11,8,0
58977941,4,17,5,22,3,31,7,17:5|22:3|31:7,3,0
58980016,6,16,9,27,6,84,18,16:9|27:6|84:18,2,0
58982829,4,7,1,19,6,59,2,7:1|19:6|59:2,2,0
58981887,3,7,1,23,15,48,3,7:1|23:15|48:3,7,0
58978700,5,18,15,27,16,80,19,18:15|27:16|80:19,4,0
58977695,2,27,16,28,13,70,6,27:16|28:13|70:6,3,0
58977066,3,27,6,30,13,62,11,27:6|30:13|62:11,2,0
58976497,5,21,9,27,2,74,3,21:9|27:2|74:3,3,0
58975879,4,24,3,27,16,79,8,24:3|27:16|79:8,3,0
58974907,3,3,21,27,6,42,24,3:21|27:6|42:24,5,0
58973824,4,16,9,27,16,84,18,16:9|27:16|84:18,1,1
58973332,4,16,9,27,9,84,18,16:9|27:9|84:18,1,1
58965284,6,7,1,27,16,87,24,7:1|27:16|87:24,5,0
58964736,8,7,1,27,16,42,24,7:1|27:16|42:24,2,0
58963005,3,27,2,59,2,62,11,27:2|59:2|62:11,6,0
58962213,7,7,1,27,16,87,24,7:1|27:16|87:24,2,0
58959099,3,1,15,27,16,81,9,1:15|27:16|81:9,7,0
58982940,4,46,16,69,9,71,14,46:16|69:9|71:14,6,0
58981887,4,28,13,42,24,67,14,28:13|42:24|67:14,5,0
58980949,3,28,13,67,14,77,24,28:13|67:14|77:24,6,0
58980293,4,3,21,39,21,70,6,3:21|39:21|70:6,6,0
58979467,3,7,1,10,20,79,8,7:1|10:20|79:8,2,0
58978700,6,2,9,27,6,63,15,2:9|27:6|63:15,2,0
58978063,2,24,3,35,2,59,2,24:3|35:2|59:2,2,0
58976683,2,10,20,35,1,43,5,10:20|35:1|43:5,3,0
58976165,5,3,21,10,20,27,2,3:21|10:20|27:2,5,0
58975644,2,10,20,14,21,42,24,10:20|14:21|42:24,3,0
58965559,6,25,11,47,4,83,6,25:11|47:4|83:6,1,1
58964838,3,7,1,29,1,61,5,7:1|29:1|61:5,4,0
58963732,6,35,1,57,23,79,8,35:1|57:23|79:8,1,1
58963446,4,10,1,70,6,85,13,10:1|70:6|85:13,7,0
58962854,4,5,6,10,1,65,16,5:6|10:1|65:16,4,0
58947460,2,10,1,38,9,69,9,10:1|38:9|69:9,3,0
58982829,3,22,3,84,18,87,24,22:3|84:18|87:24,4,0
58973824,2,18,15,21,9,22,3,18:15|21:9|22:3,3,0
58971860,4,18,15,44,25,49,19,18:15|44:25|49:19,1,1
58971016,4,18,15,33,1,49,19,18:15|33:1|49:19,3,0
58941094,2,7,2,8,22,35,1,7:2|8:22|35:1,3,0
58946792,4,31,7,46,16,55,14,31:7|46:16|55:14,4,0
58953894,7,41,24,58,10,78,16,41:24|58:10|78:16,1,1
58951770,8,2,11,18,15,47,4,2:11|18:15|47:4,2,0
58950516,8,22,3,79,8,80,19,22:3|79:8|80:19,5,0
58949597,7,20,4,58,10,70,6,20:4|58:10|70:6,6,0
58949002,8,58,10,60,6,85,13,58:10|60:6|85:13,3,0
58948484,3,58,10,64,24,65,16,58:10|64:24|65:16,3,0
58978572,4,35,2,70,6,86,1,35:2|70:6|86:1,5,0
58977941,3,24,3,33,1,72,11,24:3|33:1|72:11,2,0
58977436,5,49,19,53,14,72,11,49:19|53:14|72:11,2,0
58977141,4,42,24,51,22,72,11,42:24|51:22|72:11,6,0
58976337,3,5,6,23,15,59,2,5:6|23:15|59:2,2,0
58975879,5,18,15,23,15,87,24,18:15|23:15|87:24,5,0
58980185,5,62,11,70,6,85,13,62:11|70:6|85:13,4,0
58979727,3,24,3,27,2,56,20,24:3|27:2|56:20,6,0
58923594,8,7,1,49,19,62,11,7:1|49:19|62:11,1,1
58979558,4,65,16,69,9,80,19,65:16|69:9|80:19,3,0
58978820,3,62,11,65,16,85,13,62:11|65:16|85:13,3,0
58977941,6,59,2,62,11,65,16,59:2|62:11|65:16,1,1
58951298,4,27,9,39,18,65,16,27:9|39:18|65:16,3,0
58982940,2,11,18,49,19,82,21,11:18|49:19|82:21,4,0
58976946,4,2,9,3,21,70,6,2:9|3:21|70:6,3,0
58960017,7,13,15,15,5,70,6,13:15|15:5|70:6,1,1
58955311,4,15,6,25,11,63,15,15:6|25:11|63:15,2,0
58961016,3,3,21,22,3,70,6,3:21|22:3|70:6,3,0
58950145,5,22,3,26,9,27,16,22:3|26:9|27:16,3,0
58942882,4,9,10,14,21,22,3,9:10|14:21|22:3,6,0
58931851,6,1,15,22,3,65,16,1:15|22:3|65:16,3,0
58930493,6,19,6,22,3,57,23,19:6|22:3|57:23,2,0
58929301,5,22,3,26,9,50,21,22:3|26:9|50:21,4,0
58981718,8,3,19,37,15,61,5,3:19|37:15|61:5,7,0
58981085,2,22,3,37,15,42,24,22:3|37:15|42:24,5,0
58980655,2,3,21,37,15,62,11,3:21|37:15|62:11,7,0
58979919,3,22,3,37,15,62,11,22:3|37:15|62:11,5,0
58979558,3,7,1,37,15,77,24,7:1|37:15|77:24,8,0
58966075,2,2,9,37,15,80,19,2:9|37:15|80:19,3,0
58965559,4,37,15,53,14,70,6,37:15|53:14|70:6,3,0
58949597,8,22,3,26,9,51,22,22:3|26:9|51:22,4,0
58974652,3,24,21,49,19,80,19,24:21|49:19|80:19,5,0
58978820,8,40,6,75,22,80,19,40:6|75:22|80:19,1,1
58976867,3,3,21,40,6,46,16,3:21|40:6|46:16,1,1
58976497,6,40,6,42,24,47,4,40:6|42:24|47:4,6,0
58954095,1,7,1,40,6,87,24,7:1|40:6|87:24,6,0
58951298,2,40,6,53,14,62,11,40:6|53:14|62:11,4,0
58950454,2,13,15,40,6,78,16,13:15|40:6|78:16,1,1
58948004,3,40,6,41,24,49,19,40:6|41:24|49:19,1,1
58978205,6,2,10,20,4,25,11,2:10|20:4|25:11,2,0
58934047,5,1,14,58,10,70,6,1:14|58:10|70:6,1,1
58969527,7,8,22,30,13,65,16,8:22|30:13|65:16,1,1
58949691,3,8,22,15,5,72,11,8:22|15:5|72:11,1,1
58937313,4,29,1,65,16,84,18,29:1|65:16|84:18,1,1
58981378,3,21,9,29,1,58,10,21:9|29:1|58:10,4,0
58980655,3,18,15,21,9,53,13,18:15|21:9|53:13,5,0
58980185,4,7,1,60,6,69,9,7:1|60:6|69:9,8,0
58979030,3,7,1,60,6,61,5,7:1|60:6|61:5,4,0
58982655,3,27,16,43,5,78,16,27:16|43:5|78:16,4,0
58979558,6,22,3,34,23,43,5,22:3|34:23|43:5,1,1
58978820,6,59,2,76,3,87,24,59:2|76:3|87:24,4,0
58976569,6,54,8,61,5,78,16,54:8|61:5|78:16,1,1
58975745,6,16,9,78,16,85,13,16:9|78:16|85:13,2,0
58975298,4,16,9,21,9,78,16,16:9|21:9|78:16,5,0
58963732,7,41,24,59,2,60,6,41:24|59:2|60:6,3,0
58956579,6,59,2,78,16,87,24,59:2|78:16|87:24,5,0
58954774,6,24,3,31,7,35,1,24:3|31:7|35:1,5,0
58966423,4,7,1,28,3,32,5,7:1|28:3|32:5,2,0
58956989,4,6,7,74,3,84,18,6:7|74:3|84:18,1,1
58983123,7,58,10,67,14,80,19,58:10|67:14|80:19,2,0
58982050,5,7,1,79,8,80,19,7:1|79:8|80:19,4,0
58981201,6,7,1,14,21,16,9,7:1|14:21|16:9,6,0
58980752,3,9,10,29,1,53,13,9:10|29:1|53:13,6,0
58980185,2,7,1,77,24,86,1,7:1|77:24|86:1,6,0
58979558,5,2,10,67,14,76,3,2:10|67:14|76:3,5,0
58978926,2,3,21,29,1,59,2,3:21|29:1|59:2,1,1
58977798,7,7,1,20,4,62,11,7:1|20:4|62:11,6,0
58977391,4,3,21,70,6,84,18,3:21|70:6|84:18,5,0
58976337,6,3,21,18,15,46,16,3:21|18:15|46:16,4,0
58975981,5,7,1,46,16,70,6,7:1|46:16|70:6,6,0
58975458,3,26,9,31,7,87,24,26:9|31:7|87:24,2,0
58967786,7,7,1,51,22,60,6,7:1|51:22|60:6,2,0
58967621,7,7,1,62,11,71,14,7:1|62:11|71:14,5,0
58966991,6,7,1,32,5,83,6,7:1|32:5|83:6,1,1
58966212,2,19,6,39,21,53,13,19:6|39:21|53:13,6,0
58977286,6,5,5,20,4,21,9,5:5|20:4|21:9,1,1
58976946,6,1,14,3,21,80,19,1:14|3:21|80:19,5,0
58976497,8,18,15,42,24,78,16,18:15|42:24|78:16,4,0
58975745,2,7,1,24,21,28,13,7:1|24:21|28:13,5,0
58973942,7,3,21,9,9,59,2,3:21|9:9|59:2,1,1
58973697,5,7,1,15,5,60,6,7:1|15:5|60:6,6,0
58973437,5,15,5,67,14,74,3,15:5|67:14|74:3,6,0
58973114,8,3,21,28,13,37,15,3:21|28:13|37:15,5,0
58972198,6,7,1,65,16,70,6,7:1|65:16|70:6,1,1
58971807,4,5,5,70,6,74,3,5:5|70:6|74:3,1,1
58971121,4,44,25,61,5,70,6,44:25|61:5|70:6,7,0
58970605,4,7,1,38,9,73,24,7:1|38:9|73:24,5,0
58958082,8,38,9,51,22,52,24,38:9|51:22|52:24,1,1
58887894,6,42,24,63,15,67,14,42:24|63:15|67:14,5,0
58983123,8,69,9,77,24,78,16,69:9|77:24|78:16,1,1
58982418,4,29,1,33,1,69,9,29:1|33:1|69:9,6,0
58980444,2,62,11,63,15,78,16,62:11|63:15|78:16,8,0
58979558,1,22,3,69,9,78,16,22:3|69:9|78:16,4,0
58978263,4,12,6,18,15,33,1,12:6|18:15|33:1,1,1
58977941,8,23,15,78,16,84,18,23:15|78:16|84:18,7,0
58977436,7,33,1,78,16,79,8,33:1|78:16|79:8,3,0
58977286,7,23,15,31,7,33,1,23:15|31:7|33:1,7,0
58976946,7,31,7,33,1,85,13,31:7|33:1|85:13,6,0
58950516,7,35,2,39,21,78,16,35:2|39:21|78:16,2,0
58949973,7,35,1,69,9,78,16,35:1|69:9|78:16,5,0
58947895,7,58,10,65,16,78,16,58:10|65:16|78:16,1,1
58981718,3,1,16,35,2,67,14,1:16|35:2|67:14,4,0
58978700,3,44,25,79,8,84,18,44:25|79:8|84:18,6,0
58975981,7,31,7,38,9,44,25,31:7|38:9|44:25,1,1
58968975,6,21,9,44,25,85,13,21:9|44:25|85:13,5,0
58968647,5,30,13,49,19,77,24,30:13|49:19|77:24,4,0
58968385,5,20,4,31,7,58,10,20:4|31:7|58:10,4,0
58968256,3,59,2,80,19,87,24,59:2|80:19|87:24,4,0
58955026,5,3,21,39,18,41,24,3:21|39:18|41:24,1,1
58953540,4,35,1,39,18,69,9,35:1|39:18|69:9,2,0
58952758,8,1,18,44,25,46,16,1:18|44:25|46:16,5,0
58965284,4,7,1,42,24,59,2,7:1|42:24|59:2,1,1
58964203,5,7,1,22,3,58,10,7:1|22:3|58:10,5,0
58962406,2,7,1,27,2,39,21,7:1|27:2|39:21,6,0
58958411,5,7,1,70,6,71,14,7:1|70:6|71:14,3,0
58954880,4,7,1,27,16,28,3,7:1|27:16|28:3,5,0
58953017,5,7,1,31,7,57,23,7:1|31:7|57:23,7,0
58945313,1,7,1,12,7,49,19,7:1|12:7|49:19,6,0
58981085,1,18,15,77,24,85,13,18:15|77:24|85:13,8,0
58980185,3,18,15,26,9,80,19,18:15|26:9|80:19,3,0
58977798,5,18,15,24,3,70,6,18:15|24:3|70:6,3,0
58962119,6,18,15,62,11,82,21,18:15|62:11|82:21,1,1
58981718,7,7,1,24,3,57,23,7:1|24:3|57:23,1,1
58980655,4,7,1,59,2,70,6,7:1|59:2|70:6,3,0
58980185,1,7,1,19,6,57,23,7:1|19:6|57:23,7,0
58979359,5,7,1,18,15,44,25,7:1|18:15|44:25,6,0
58978820,2,7,1,14,21,66,24,7:1|14:21|66:24,6,0
58976946,5,7,1,47,4,62,11,7:1|47:4|62:11,2,0
58954774,2,7,1,51,22,74,3,7:1|51:22|74:3,1,1
58982655,2,7,1,22,3,87,24,7:1|22:3|87:24,5,0
58958411,8,22,3,24,3,28,13,22:3|24:3|28:13,1,1
58957300,7,2,10,46,16,61,5,2:10|46:16|61:5,5,0
58953959,8,20,4,24,3,43,5,20:4|24:3|43:5,1,1
58956444,5,3,21,7,1,56,20,3:21|7:1|56:20,3,0
58923374,4,4,13,13,19,40,6,4:13|13:19|40:6,6,0
58977798,4,7,1,39,21,42,24,7:1|39:21|42:24,8,0
58977286,4,21,9,35,1,59,2,21:9|35:1|59:2,3,0
58976776,5,20,4,21,9,34,23,20:4|21:9|34:23,3,0
58975981,4,7,1,12,7,86,1,7:1|12:7|86:1,3,0
58970605,3,21,9,44,25,71,14,21:9|44:25|71:14,3,0
58970178,4,1,16,7,1,69,9,1:16|7:1|69:9,3,0
58969936,4,7,1,60,6,69,9,7:1|60:6|69:9,3,0
58969152,6,15,6,30,13,72,11,15:6|30:13|72:11,2,0
58968808,7,8,22,24,3,65,16,8:22|24:3|65:16,6,0
58968385,6,6,7,49,19,64,24,6:7|49:19|64:24,5,0
58950145,4,7,1,12,7,28,13,7:1|12:7|28:13,4,0
58982940,3,1,16,50,21,58,10,1:16|50:21|58:10,2,0
58981887,5,10,1,43,5,53,13,10:1|43:5|53:13,4,0
58980752,4,7,1,48,3,61,5,7:1|48:3|61:5,1,1
58979558,2,4,3,59,2,84,18,4:3|59:2|84:18,6,0
58951973,4,20,4,32,5,59,2,20:4|32:5|59:2,7,0
58950260,6,36,5,53,13,54,8,36:5|53:13|54:8,4,0
58978205,5,57,23,59,2,65,16,57:23|59:2|65:16,3,0
58977569,8,20,4,57,23,66,24,20:4|57:23|66:24,3,0
58982247,3,16,9,79,8,86,1,16:9|79:8|86:1,2,0
58981378,1,16,9,38,9,39,21,16:9|38:9|39:21,5,0
58976497,7,3,21,16,9,29,1,3:21|16:9|29:1,1,1
58975644,5,16,9,21,9,27,6,16:9|21:9|27:6,4,0
58974452,6,16,9,74,3,79,8,16:9|74:3|79:8,2,0
58973942,4,16,9,29,1,87,24,16:9|29:1|87:24,4,0
58959575,8,16,9,52,24,63,15,16:9|52:24|63:15,1,1
58958607,6,7,1,16,9,59,2,7:1|16:9|59:2,4,0
58942021,6,8,22,16,9,54,8,8:22|16:9|54:8,1,1
58979727,4,42,24,61,5,70,6,42:24|61:5|70:6,1,1
58979030,4,27,2,66,24,74,3,27:2|66:24|74:3,3,0
58978063,3,3,21,18,15,21,9,3:21|18:15|21:9,3,0
58925492,6,8,22,59,2,87,24,8:22|59:2|87:24,2,0
58921586,6,1,16,28,13,42,24,1:16|28:13|42:24,4,0
58920996,8,3,16,26,9,42,24,3:16|26:9|42:24,1,1
58971239,8,25,11,79,8,84,18,25:11|79:8|84:18,1,1
58938876,4,26,9,46,16,59,2,26:9|46:16|59:2,7,0
58977798,6,28,13,67,14,79,8,28:13|67:14|79:8,5,0
58976065,3,24,3,46,16,54,8,24:3|46:16|54:8,4,0
58974907,6,5,5,35,2,47,4,5:5|35:2|47:4,1,1
58974338,4,5,5,44,25,47,4,5:5|44:25|47:4,1,1
58973942,5,16,9,24,3,35,1,16:9|24:3|35:1,6,0
58968102,7,35,2,42,24,74,3,35:2|42:24|74:3,1,1
58967786,6,24,21,30,13,70,6,24:21|30:13|70:6,3,0
58966991,7,2,11,19,6,24,21,2:11|19:6|24:21,3,0
58966593,7,72,11,76,3,87,24,72:11|76:3|87:24,6,0
58966212,5,24,21,39,21,59,2,24:21|39:21|59:2,2,0
58965896,5,6,8,19,6,20,4,6:8|19:6|20:4,5,0
58961914,6,29,1,70,6,79,8,29:1|70:6|79:8,3,0
58960663,5,46,16,47,4,81,9,46:16|47:4|81:9,7,0
58977141,7,37,15,63,15,70,6,37:15|63:15|70:6,1,1
58968102,5,20,4,36,5,70,6,20:4|36:5|70:6,2,0
58966212,3,3,21,83,6,87,24,3:21|83:6|87:24,5,0
58959773,4,4,3,70,6,84,18,4:3|70:6|84:18,1,1
58959099,5,3,21,6,8,27,6,3:21|6:8|27:6,6,0
58958244,7,21,9,27,16,58,10,21:9|27:16|58:10,6,0
58953139,4,19,6,21,9,27,2,19:6|21:9|27:2,2,0
58952231,4,19,6,21,9,27,9,19:6|21:9|27:9,5,0
58931851,4,8,22,26,9,87,24,8:22|26:9|87:24,6,0
58965740,5,5,6,6,8,53,13,5:6|6:8|53:13,1,1
58964736,4,31,7,65,16,85,13,31:7|65:16|85:13,7,0
58964076,4,21,9,63,15,78,16,21:9|63:15|78:16,2,0
58960305,4,6,8,17,5,53,14,6:8|17:5|53:14,3,0
58958900,2,45,4,67,14,70,6,45:4|67:14|70:6,5,0
58968975,3,6,8,24,21,51,22,6:8|24:21|51:22,3,0
58968647,6,24,21,53,14,70,6,24:21|53:14|70:6,3,0
58968525,5,24,21,31,7,74,3,24:21|31:7|74:3,4,0
58967946,6,35,1,36,5,80,19,35:1|36:5|80:19,2,0
58940091,6,49,19,63,15,82,21,49:19|63:15|82:21,4,0
58963541,6,54,8,59,2,67,14,54:8|59:2|67:14,3,0
58962854,6,53,14,70,6,79,8,53:14|70:6|79:8,3,0
58962213,8,5,6,67,14,68,1,5:6|67:14|68:1,4,0
58961305,6,53,14,59,2,62,11,53:14|59:2|62:11,6,0
58982940,6,1,15,57,23,63,15,1:15|57:23|63:15,1,1
58982418,3,1,15,25,11,61,5,1:15|25:11|61:5,7,0
58976260,5,1,15,65,16,84,18,1:15|65:16|84:18,1,1
58975644,7,1,15,70,6,80,19,1:15|70:6|80:19,2,0
58975298,2,1,15,65,16,79,8,1:15|65:16|79:8,6,0
58974779,8,1,15,37,15,38,9,1:15|37:15|38:9,2,0
58974338,7,1,15,7,1,47,4,1:15|7:1|47:4,2,0
58965740,7,1,15,35,1,38,9,1:15|35:1|38:9,6,0
58965135,7,1,15,5,6,44,25,1:15|5:6|44:25,3,0
58964736,6,4,13,21,9,54,8,4:13|21:9|54:8,6,0
58964203,8,39,21,54,8,85,13,39:21|54:8|85:13,3,0
58963320,5,1,15,58,10,61,5,1:15|58:10|61:5,1,1
58962119,4,18,15,53,13,77,24,18:15|53:13|77:24,7,0
58920302,5,22,3,39,21,48,3,22:3|39:21|48:3,1,1
58980444,3,31,7,37,15,68,1,31:7|37:15|68:1,1,1
58981627,1,7,1,18,15,66,24,7:1|18:15|66:24,2,0
58982050,2,20,4,31,7,63,15,20:4|31:7|63:15,1,1
58979919,4,47,4,53,13,66,24,47:4|53:13|66:24,2,0
58965446,8,7,1,43,5,51,22,7:1|43:5|51:22,1,1
58964338,7,7,1,13,19,18,15,7:1|13:19|18:15,7,0
58961679,4,7,1,24,21,82,21,7:1|24:21|82:21,6,0
58932747,7,7,1,36,5,44,25,7:1|36:5|44:25,1,1
58983296,3,27,9,39,21,63,15,27:9|39:21|63:15,4,0
58982050,3,39,21,63,15,67,14,39:21|63:15|67:14,3,0
58981085,3,7,2,39,21,59,2,7:2|39:21|59:2,2,0
58950706,4,39,21,80,19,87,24,39:21|80:19|87:24,1,1
58946607,8,12,7,39,21,59,2,12:7|39:21|59:2,1,1
58902479,8,39,21,70,6,79,8,39:21|70:6|79:8,5,0
58977569,6,38,9,41,24,78,16,38:9|41:24|78:16,1,1
58977141,5,7,1,67,14,72,11,7:1|67:14|72:11,5,0
58976776,6,22,3,38,9,41,24,22:3|38:9|41:24,5,0
58974338,5,38,9,45,4,63,15,38:9|45:4|63:15,4,0
58974009,7,38,9,44,25,70,6,38:9|44:25|70:6,4,0
58972713,8,35,2,38,9,79,8,35:2|38:9|79:8,8,0
58972319,5,38,9,51,22,56,20,38:9|51:22|56:20,2,0
58972005,7,18,15,38,9,59,2,18:15|38:9|59:2,5,0
58970605,8,18,15,19,6,38,9,18:15|19:6|38:9,1,1
58982940,8,7,1,48,3,61,5,7:1|48:3|61:5,3,0
58982247,7,5,6,6,8,7,1,5:6|6:8|7:1,7,0
58981201,8,31,7,53,13,79,8,31:7|53:13|79:8,5,0
58980444,6,31,7,38,9,53,13,31:7|38:9|53:13,4,0
58979919,5,20,4,21,9,77,24,20:4|21:9|77:24,6,0
58973332,2,9,10,25,11,53,13,9:10|25:11|53:13,5,0
58973008,3,6,7,7,1,61,5,6:7|7:1|61:5,4,0
58971432,3,7,1,16,9,70,6,7:1|16:9|70:6,2,0
58967621,6,7,1,35,2,80,19,7:1|35:2|80:19,3,0
58963541,3,7,1,79,8,82,21,7:1|79:8|82:21,5,0
58962714,3,7,1,17,5,33,1,7:1|17:5|33:1,3,0
58962213,5,7,1,38,9,69,9,7:1|38:9|69:9,6,0
58982655,7,22,3,43,5,65,16,22:3|43:5|65:16,2,0
58981718,6,43,5,61,5,77,24,43:5|61:5|77:24,5,0
58980752,5,30,13,39,18,43,5,30:13|39:18|43:5,3,0
58979030,6,19,6,43,5,83,6,19:6|43:5|83:6,1,1
58930695,3,43,5,55,14,87,24,43:5|55:14|87:24,1,1
58900897,6,7,1,31,7,43,5,7:1|31:7|43:5,5,0
58982829,7,62,11,67,14,70,6,62:11|67:14|70:6,5,0
58981718,4,19,6,20,4,70,6,19:6|20:4|70:6,2,0
58980655,5,57,23,61,5,70,6,57:23|61:5|70:6,2,0
58977941,7,11,18,70,6,87,24,11:18|70:6|87:24,5,0
58977391,8,61,5,70,6,87,24,61:5|70:6|87:24,1,1
58976683,3,11,16,21,9,70,6,11:16|21:9|70:6,8,0
58976065,7,2,9,7,2,70,6,2:9|7:2|70:6,1,1
58975745,5,35,2,46,16,70,6,35:2|46:16|70:6,6,0
58975298,6,3,21,65,16,70,6,3:21|65:16|70:6,4,0
58974907,8,51,22,70,6,79,8,51:22|70:6|79:8,4,0
58974250,8,16,9,70,6,84,18,16:9|70:6|84:18,4,0
58973114,6,15,5,70,6,74,3,15:5|70:6|74:3,7,0
58972851,4,11,16,58,10,70,6,11:16|58:10|70:6,5,0
58972467,5,16,9,32,5,70,6,16:9|32:5|70:6,3,0
58945106,7,24,21,27,9,43,5,24:21|27:9|43:5,3,0
58967471,8,19,6,60,6,82,21,19:6|60:6|82:21,1,1
58982940,5,36,5,43,5,66,24,36:5|43:5|66:24,5,0
58976065,5,36,5,63,15,80,19,36:5|63:15|80:19,6,0
58951359,5,20,4,31,7,36,5,20:4|31:7|36:5,1,1
58918361,8,27,16,44,25,79,8,27:16|44:25|79:8,4,0
58916982,5,19,6,47,4,72,11,19:6|47:4|72:11,4,0
58915570,6,19,6,22,3,54,8,19:6|22:3|54:8,2,0
58971672,6,2,10,7,2,79,8,2:10|7:2|79:8,5,0
58971432,6,2,10,7,1,64,24,2:10|7:1|64:24,4,0
58971121,7,11,16,12,7,21,9,11:16|12:7|21:9,3,0
58978572,8,17,5,22,3,57,23,17:5|22:3|57:23,1,1
58977286,8,6,8,45,4,54,8,6:8|45:4|54:8,5,0
58976867,5,46,16,53,13,70,6,46:16|53:13|70:6,6,0
58923734,6,8,22,46,16,50,21,8:22|46:16|50:21,2,0
58965135,6,24,3,70,6,80,19,24:3|70:6|80:19,5,0
58962406,5,32,5,59,2,65,16,32:5|59:2|65:16,7,0
58959773,3,13,19,16,9,31,7,13:19|16:9|31:7,6,0
58958411,4,27,9,48,3,49,19,27:9|48:3|49:19,2,0
58983474,8,13,19,16,9,57,23,13:19|16:9|57:23,4,0
58982655,4,32,5,51,22,57,23,32:5|51:22|57:23,6,0
58981718,5,7,1,22,3,57,23,7:1|22:3|57:23,6,0
58980655,6,20,4,24,21,57,23,20:4|24:21|57:23,1,1
58979727,5,48,3,57,23,61,5,48:3|57:23|61:5,2,0
58953139,6,32,5,33,1,57,23,32:5|33:1|57:23,4,0
58950706,6,6,7,15,6,57,23,6:7|15:6|57:23,4,0
58956579,8,17,5,38,9,55,14,17:5|38:9|55:14,1,1
58951182,8,27,16,55,14,62,11,27:16|55:14|62:11,6,0
58932269,7,3,21,9,10,55,14,3:21|9:10|55:14,2,0
58928676,3,25,11,55,14,87,24,25:11|55:14|87:24,5,0
58926644,6,51,22,55,14,60,6,51:22|55:14|60:6,2,0
58976337,7,32,5,59,2,79,8,32:5|59:2|79:8,5,0
58975745,3,1,16,21,9,59,2,1:16|21:9|59:2,1,1
58974907,4,26,9,59,2,65,16,26:9|59:2|65:16,8,0
58974086,2,46,16,59,2,62,11,46:16|59:2|62:11,6,0
58973697,3,21,9,50,21,59,2,21:9|50:21|59:2,3,0
58973114,3,6,8,18,15,51,22,6:8|18:15|51:22,4,0
58964990,2,39,21,53,13,59,2,39:21|53:13|59:2,1,1
58955467,3,59,2,62,11,71,14,59:2|62:11|71:14,1,1
58951973,2,27,16,59,2,77,24,27:16|59:2|77:24,2,0
58951359,1,32,5,50,21,59,2,32:5|50:21|59:2,7,0
58950611,5,3,21,18,15,59,2,3:21|18:15|59:2,2,0
58982247,5,2,11,10,1,80,19,2:11|10:1|80:19,5,0
58981378,5,31,7,48,3,85,13,31:7|48:3|85:13,6,0
58980444,5,20,4,31,7,77,24,20:4|31:7|77:24,6,0
58979558,7,1,15,27,16,44,25,1:15|27:16|44:25,2,0
58978263,7,1,16,47,4,62,11,1:16|47:4|62:11,4,0
58966593,8,5,6,31,7,71,14,5:6|31:7|71:14,4,0
58966212,6,5,6,8,22,79,8,5:6|8:22|79:8,4,0
58965896,7,6,7,60,6,83,6,6:7|60:6|83:6,6,0
58949691,7,21,9,26,9,85,13,21:9|26:9|85:13,3,0
58924171,8,6,7,26,9,85,13,6:7|26:9|85:13,8,0
58983474,2,53,13,67,14,87,24,53:13|67:14|87:24,2,0
58982418,1,18,15,25,11,87,24,18:15|25:11|87:24,3,0
58981201,5,25,11,51,22,87,24,25:11|51:22|87:24,1,1
58980293,7,3,21,16,9,87,24,3:21|16:9|87:24,1,1
58979467,7,5,6,83,6,87,24,5:6|83:6|87:24,3,0
58977066,4,22,3,30,13,77,24,22:3|30:13|77:24,8,0
58975745,1,59,2,80,19,87,24,59:2|80:19|87:24,7,0
58973697,2,32,5,74,3,87,24,32:5|74:3|87:24,2,0
58942469,3,29,1,48,3,87,24,29:1|48:3|87:24,3,0
58942215,2,4,13,22,3,87,24,4:13|22:3|87:24,5,0
58974250,7,2,10,26,9,54,8,2:10|26:9|54:8,1,1
58973824,3,2,10,44,25,51,22,2:10|44:25|51:22,4,0
58974250,4,26,9,31,7,33,1,26:9|31:7|33:1,5,0
58973824,6,27,6,58,10,67,14,27:6|58:10|67:14,2,0
58972713,7,34,23,67,14,76,3,34:23|67:14|76:3,2,0
58972319,4,22,3,25,11,67,14,22:3|25:11|67:14,1,1
58972116,5,51,22,61,5,67,14,51:22|61:5|67:14,5,0
58971807,5,15,5,22,3,74,3,15:5|22:3|74:3,4,0
58971121,5,16,9,33,1,69,9,16:9|33:1|69:9,2,0
58973114,7,20,4,34,23,63,15,20:4|34:23|63:15,3,0
58911773,5,30,13,70,6,87,24,30:13|70:6|87:24,4,0
58975879,7,21,9,44,25,51,22,21:9|44:25|51:22,1,1
58866359,4,1,16,19,6,35,2,1:16|19:6|35:2,6,0
58959099,7,13,15,32,5,56,20,13:15|32:5|56:20,5,0
58957772,7,13,15,70,6,78,16,13:15|70:6|78:16,1,1
58956444,6,1,14,13,15,80,19,1:14|13:15|80:19,4,0
58954243,6,13,15,18,15,59,2,13:15|18:15|59:2,7,0
58953540,6,5,5,13,15,54,8,5:5|13:15|54:8,7,0
58712766,8,13,15,40,6,56,20,13:15|40:6|56:20,3,0
58982829,6,18,15,20,4,25,11,18:15|20:4|25:11,1,1
58981378,2,20,4,36,5,43,5,20:4|36:5|43:5,2,0
58980185,6,10,1,25,11,76,3,10:1|25:11|76:3,1,1
58979467,6,7,1,25,11,80,19,7:1|25:11|80:19,6,0
58978926,3,7,1,25,11,80,19,7:1|25:11|80:19,4,0
58967621,3,20,4,31,7,83,6,20:4|31:7|83:6,2,0
58966807,3,11,18,25,11,85,13,11:18|25:11|85:13,2,0
58966423,3,25,11,56,20,61,5,25:11|56:20|61:5,5,0
58966075,3,59,2,61,5,65,16,59:2|61:5|65:16,4,0
58963005,1,25,11,28,3,59,2,25:11|28:3|59:2,5,0
58961305,4,17,5,25,11,45,4,17:5|25:11|45:4,2,0
58983474,5,5,5,7,1,53,13,5:5|7:1|53:13,6,0
58975584,6,1,16,5,5,22,3,1:16|5:5|22:3,2,0
58973942,2,54,8,60,6,73,24,54:8|60:6|73:24,7,0
58965284,5,7,1,27,2,60,6,7:1|27:2|60:6,4,0
58964541,8,3,21,5,6,46,16,3:21|5:6|46:16,2,0
58973437,6,28,13,62,11,63,15,28:13|62:11|63:15,1,1
58972713,6,28,13,70,6,86,1,28:13|70:6|86:1,5,0
58972467,4,28,13,34,23,49,19,28:13|34:23|49:19,7,0
58971239,4,1,16,28,13,62,11,1:16|28:13|62:11,8,0
58970869,5,28,13,78,16,87,24,28:13|78:16|87:24,4,0
58966807,6,32,5,58,10,80,19,32:5|58:10|80:19,5,0
58966423,5,2,9,58,10,83,6,2:9|58:10|83:6,7,0
58964736,7,2,9,38,9,59,2,2:9|38:9|59:2,1,1
58960305,8,6,8,59,2,82,21,6:8|59:2|82:21,6,0
58982655,8,8,22,10,20,46,16,8:22|10:20|46:16,8,0
58981627,7,18,15,32,5,41,24,18:15|32:5|41:24,3,0
58981085,5,18,15,19,6,51,22,18:15|19:6|51:22,7,0
58980293,6,21,9,22,3,69,9,21:9|22:3|69:9,5,0
58979919,6,13,19,36,5,51,22,13:19|36:5|51:22,8,0
58979176,5,51,22,53,13,77,24,51:22|53:13|77:24,4,0
58978572,7,21,9,51,22,67,14,21:9|51:22|67:14,4,0
58977391,7,22,3,51,22,79,8,22:3|51:22|79:8,2,0
58975298,3,47,4,51,22,86,1,47:4|51:22|86:1,3,0
58964338,8,51,22,67,14,70,6,51:22|67:14|70:6,4,0
58961679,5,6,7,51,22,58,10,6:7|51:22|58:10,1,1
58949138,6,4,13,70,6,82,21,4:13|70:6|82:21,4,0
58983734,5,46,16,70,6,78,16,46:16|70:6|78:16,7,0
58955603,8,3,21,77,24,78,16,3:21|77:24|78:16,1,1
58978926,6,34,23,38,9,85,13,34:23|38:9|85:13,2,0
58978263,8,9,10,28,13,85,13,9:10|28:13|85:13,2,0
58977695,6,12,7,31,7,85,13,12:7|31:7|85:13,1,1
58977066,8,38,9,55,14,80,19,38:9|55:14|80:19,4,0
58976683,8,19,6,22,3,85,13,19:6|22:3|85:13,7,0
58976337,5,8,22,37,15,85,13,8:22|37:15|85:13,7,0
58948185,2,49,19,70,6,85,13,49:19|70:6|85:13,1,1
58947460,7,18,15,44,25,85,13,18:15|44:25|85:13,7,0
58975584,5,7,2,54,8,56,20,7:2|54:8|56:20,4,0
58930267,8,7,1,16,9,21,9,7:1|16:9|21:9,4,0
58972713,5,3,19,33,1,77,24,3:19|33:1|77:24,1,1
58970869,8,49,19,73,24,77,24,49:19|73:24|77:24,7,0
58953139,8,39,21,49,19,70,6,39:21|49:19|70:6,3,0
58972467,7,32,5,35,2,74,3,32:5|35:2|74:3,5,0
58971860,6,53,13,62,11,87,24,53:13|62:11|87:24,6,0
58971527,5,32,5,35,2,39,21,32:5|35:2|39:21,3,0
58971016,3,6,8,35,2,56,20,6:8|35:2|56:20,5,0
58968975,4,35,2,39,18,70,6,35:2|39:18|70:6,6,0
58968385,7,52,24,53,13,83,6,52:24|53:13|83:6,3,0
58967946,7,35,2,56,20,62,11,35:2|56:20|62:11,5,0
58966807,4,35,1,70,6,87,24,35:1|70:6|87:24,7,0
58950454,6,8,22,34,23,35,1,8:22|34:23|35:1,3,0
58977941,5,3,21,21,9,33,1,3:21|21:9|33:1,6,0
58977391,6,3,21,77,24,84,18,3:21|77:24|84:18,3,0
58978388,5,8,22,39,18,87,24,8:22|39:18|87:24,3,0
58978063,6,8,22,23,15,33,1,8:22|23:15|33:1,6,0
58977569,4,8,22,46,16,59,2,8:22|46:16|59:2,4,0
58976776,7,8,22,42,24,45,4,8:22|42:24|45:4,2,0
58952231,5,3,21,27,16,65,16,3:21|27:16|65:16,3,0
58947046,8,3,21,13,15,58,10,3:21|13:15|58:10,5,0
58945002,7,3,21,17,5,80,19,3:21|17:5|80:19,2,0
58948350,7,18,15,55,14,80,19,18:15|55:14|80:19,3,0
58956884,8,20,4,24,21,54,8,20:4|24:21|54:8,3,0
58956101,7,24,21,50,21,81,9,24:21|50:21|81:9,7,0
58955139,4,20,4,22,3,43,5,20:4|22:3|43:5,4,0
58953017,8,23,15,72,11,83,6,23:15|72:11|83:6,5,0
58944152,4,9,9,24,21,87,24,9:9|24:21|87:24,7,0
58943160,4,24,21,28,13,35,1,24:21|28:13|35:1,7,0
58943028,1,6,7,26,9,33,1,6:7|26:9|33:1,8,0
58942745,2,39,21,56,20,87,24,39:21|56:20|87:24,4,0
58940408,5,20,4,79,8,82,21,20:4|79:8|82:21,6,0
58977436,8,11,18,60,6,62,11,11:18|60:6|62:11,5,0
58975644,6,44,25,74,3,79,8,44:25|74:3|79:8,7,0
58983296,6,13,19,79,8,84,18,13:19|79:8|84:18,1,1
58907706,3,6,8,10,1,84,18,6:8|10:1|84:18,3,0
58966212,7,5,6,20,4,31,7,5:6|20:4|31:7,1,1
58982655,6,18,15,34,23,49,19,18:15|34:23|49:19,1,1
58980444,4,20,4,34,23,48,3,20:4|34:23|48:3,3,0
58978388,4,10,1,11,18,29,1,10:1|11:18|29:1,4,0
58976867,7,11,18,56,20,70,6,11:18|56:20|70:6,2,0
58975458,6,18,15,44,25,77,24,18:15|44:25|77:24,4,0
58974086,5,1,16,34,23,42,24,1:16|34:23|42:24,3,0
58973697,4,28,13,34,23,35,2,28:13|34:23|35:2,4,0
58973437,4,11,18,28,13,62,11,11:18|28:13|62:11,5,0
58819407,1,28,13,39,18,59,2,28:13|39:18|59:2,8,0
58952231,8,7,1,44,25,58,10,7:1|44:25|58:10,6,0
58949002,6,47,4,58,10,65,16,47:4|58:10|65:16,8,0
58969152,7,24,21,30,13,31,7,24:21|30:13|31:7,5,0
58979558,8,18,15,26,9,39,18,18:15|26:9|39:18,7,0
58978820,7,1,16,18,15,47,4,1:16|18:15|47:4,2,0
58978263,2,18,15,45,4,77,24,18:15|45:4|77:24,5,0
58977798,8,18,15,29,1,63,15,18:15|29:1|63:15,4,0
58977286,5,18,15,69,9,85,13,18:15|69:9|85:13,4,0
58960505,4,6,7,7,1,18,15,6:7|7:1|18:15,2,0
58959441,5,18,15,33,1,70,6,18:15|33:1|70:6,3,0
58974086,7,29,1,47,4,87,24,29:1|47:4|87:24,1,1
58973332,5,34,23,46,16,56,20,34:23|46:16|56:20,2,0
58973008,8,4,3,29,1,82,21,4:3|29:1|82:21,5,0
58972319,7,18,15,25,11,28,3,18:15|25:11|28:3,6,0
58972116,2,22,3,80,19,87,24,22:3|80:19|87:24,7,0
58983123,5,20,4,36,5,40,6,20:4|36:5|40:6,4,0
58981887,7,27,16,36,5,54,8,27:16|36:5|54:8,2,0
58963861,7,20,4,58,10,77,24,20:4|58:10|77:24,4,0
58963166,7,36,5,67,14,85,13,36:5|67:14|85:13,2,0
58962714,7,20,4,57,23,79,8,20:4|57:23|79:8,7,0
58959773,6,18,15,38,9,73,24,18:15|38:9|73:24,4,0
58958766,5,36,5,47,4,49,19,36:5|47:4|49:19,6,0
58953234,8,7,1,36,5,59,2,7:1|36:5|59:2,3,0
58952313,7,33,1,35,1,79,8,33:1|35:1|79:8,4,0
58956270,6,23,15,27,9,81,9,23:15|27:9|81:9,3,0
58943365,7,54,8,69,9,82,21,54:8|69:9|82:21,2,0
58978063,4,62,11,67,14,71,14,62:11|67:14|71:14,5,0
58977569,5,40,6,43,5,80,19,40:6|43:5|80:19,5,0
58977141,6,7,1,35,1,62,11,7:1|35:1|62:11,4,0
58976683,5,8,22,35,1,62,11,8:22|35:1|62:11,4,0
58976337,4,21,9,35,2,40,6,21:9|35:2|40:6,6,0
58945857,4,12,7,27,16,40,6,12:7|27:16|40:6,1,1
58947557,6,1,16,2,11,46,16,1:16|2:11|46:16,6,0
58945249,6,1,16,2,9,27,2,1:16|2:9|27:2,2,0
58983123,4,26,9,40,6,78,16,26:9|40:6|78:16,3,0
58932269,6,1,16,44,25,63,15,1:16|44:25|63:15,4,0
58979359,8,22,3,70,6,80,19,22:3|70:6|80:19,2,0
58978063,8,46,16,70,6,80,19,46:16|70:6|80:19,1,1
58976260,7,6,8,26,9,80,19,6:8|26:9|80:19,4,0
58975163,7,31,7,74,3,80,19,31:7|74:3|80:19,8,0
58974779,7,16,9,44,25,80,19,16:9|44:25|80:19,8,0
58963446,7,19,6,23,15,63,15,19:6|23:15|63:15,5,0
58954243,5,22,3,26,9,35,1,22:3|26:9|35:1,3,0
58975163,8,22,3,54,8,84,18,22:3|54:8|84:18,7,0
58974779,4,8,22,49,19,54,8,8:22|49:19|54:8,6,0
58960505,7,5,6,33,1,46,16,5:6|33:1|46:16,7,0
58959345,3,7,1,8,22,46,16,7:1|8:22|46:16,3,0
58946718,5,12,7,18,15,46,16,12:7|18:15|46:16,4,0
58983296,7,3,19,14,21,76,3,3:19|14:21|76:3,7,0
58982418,5,3,19,18,15,26,9,3:19|18:15|26:9,5,0
58978063,5,3,21,6,8,11,18,3:21|6:8|11:18,7,0
58977569,7,3,19,67,14,70,6,3:19|67:14|70:6,6,0
58977286,3,3,16,56,20,80,19,3:16|56:20|80:19,6,0
58975163,3,3,21,39,21,42,24,3:21|39:21|42:24,4,0
58974452,5,3,21,15,5,58,10,3:21|15:5|58:10,1,1
58973585,7,3,19,35,2,42,24,3:19|35:2|42:24,7,0
58962714,6,3,21,16,9,43,5,3:21|16:9|43:5,1,1
58961016,6,3,19,4,13,70,6,3:19|4:13|70:6,5,0
58960663,6,3,19,59,2,70,6,3:19|59:2|70:6,8,0
58900081,3,1,16,44,25,49,19,1:16|44:25|49:19,5,0
58977569,3,9,10,31,7,83,6,9:10|31:7|83:6,7,0
58956719,7,8,22,74,3,81,9,8:22|74:3|81:9,3,0
58956270,4,6,7,46,16,74,3,6:7|46:16|74:3,8,0
58974652,7,6,7,16,9,19,6,6:7|16:9|19:6,2,0
58983734,6,17,5,31,7,55,14,17:5|31:7|55:14,1,1
58982940,7,9,10,17,5,20,4,9:10|17:5|20:4,8,0
58981887,6,17,5,22,3,84,18,17:5|22:3|84:18,6,0
58954243,7,13,19,31,7,52,24,13:19|31:7|52:24,4,0
58933320,7,1,15,3,21,17,5,1:15|3:21|17:5,3,0
58933719,6,31,7,44,25,58,10,31:7|44:25|58:10,7,0
58982247,4,46,16,77,24,79,8,46:16|77:24|79:8,3,0
58980655,7,37,15,79,8,86,1,37:15|79:8|86:1,6,0
58968525,7,9,10,30,13,59,2,9:10|30:13|59:2,6,0
58968256,6,16,9,49,19,53,14,16:9|49:19|53:14,2,0
58967621,5,30,13,62,11,65,16,30:13|62:11|65:16,7,0
58967471,4,38,9,62,11,65,16,38:9|62:11|65:16,6,0
58967244,8,35,2,62,11,80,19,35:2|62:11|80:19,3,0
58966807,7,38,9,45,4,87,24,38:9|45:4|87:24,4,0
58965740,6,7,1,11,16,18,15,7:1|11:16|18:15,4,0
58965740,8,18,15,51,22,59,2,18:15|51:22|59:2,3,0
58954774,7,18,15,59,2,83,6,18:15|59:2|83:6,8,0
58954095,3,59,2,63,15,69,9,59:2|63:15|69:9,7,0
58953234,3,34,23,59,2,65,16,34:23|59:2|65:16,6,0
58952543,2,7,1,59,2,87,24,7:1|59:2|87:24,6,0
58983296,8,24,21,72,11,79,8,24:21|72:11|79:8,2,0
58982050,6,59,2,62,11,76,3,59:2|62:11|76:3,2,0
58980949,7,16,9,39,21,62,11,16:9|39:21|62:11,3,0
58975981,6,23,15,32,5,74,3,23:15|32:5|74:3,5,0
58975163,5,16,9,32,5,53,13,16:9|32:5|53:13,1,1
58974086,4,24,21,28,13,59,2,24:21|28:13|59:2,4,0
58973229,2,6,8,28,13,35,2,6:8|28:13|35:2,7,0
58972319,2,62,11,84,18,86,1,62:11|84:18|86:1,3,0
58972005,4,32,5,42,24,56,20,32:5|42:24|56:20,7,0
58971353,3,35,2,61,5,70,6,35:2|61:5|70:6,2,0
58970605,7,3,19,6,8,39,21,3:19|6:8|39:21,2,0
58970397,6,32,5,58,10,85,13,32:5|58:10|85:13,6,0
58974779,5,2,9,21,9,85,13,2:9|21:9|85:13,3,0
58973229,5,16,9,27,2,76,3,16:9|27:2|76:3,5,0
58972851,8,16,9,27,9,32,5,16:9|27:9|32:5,3,0
58947895,3,27,2,46,16,62,11,27:2|46:16|62:11,2,0
58960505,5,70,6,74,3,82,21,70:6|74:3|82:21,5,0
58957300,8,35,1,47,4,54,8,35:1|47:4|54:8,6,0
58951182,5,1,18,7,1,70,6,1:18|7:1|70:6,7,0
58949868,8,40,6,59,2,80,19,40:6|59:2|80:19,6,0
58974779,6,24,3,27,2,63,15,24:3|27:2|63:15,4,0
58974250,6,27,2,29,1,70,6,27:2|29:1|70:6,6,0
58958411,7,3,21,23,15,84,18,3:21|23:15|84:18,8,0
58955311,6,23,15,83,6,84,18,23:15|83:6|84:18,7,0
58974250,5,19,6,32,5,74,3,19:6|32:5|74:3,7,0
58972116,3,19,6,59,2,84,18,19:6|59:2|84:18,3,0
58971432,7,1,16,19,6,21,9,1:16|19:6|21:9,1,1
58971016,7,39,21,51,22,77,24,39:21|51:22|77:24,7,0
58970605,6,18,15,59,2,72,11,18:15|59:2|72:11,8,0
58970397,5,18,15,44,25,45,4,18:15|44:25|45:4,7,0
58970178,7,1,16,9,9,19,6,1:16|9:9|19:6,7,0
58967471,6,52,24,60,6,87,24,52:24|60:6|87:24,4,0
58966807,5,52,24,60,6,87,24,52:24|60:6|87:24,3,0
58966423,6,20,4,52,24,54,8,20:4|52:24|54:8,6,0
58965559,7,20,4,54,8,58,10,20:4|54:8|58:10,6,0
58982050,7,3,16,16,9,66,24,3:16|16:9|66:24,6,0
58981378,6,25,11,31,7,53,13,25:11|31:7|53:13,7,0
58950980,7,11,16,20,4,84,18,11:16|20:4|84:18,7,0
58964541,4,1,16,4,13,44,25,1:16|4:13|44:25,7,0
58964076,5,44,25,49,19,82,21,44:25|49:19|82:21,6,0
58963320,2,49,19,68,1,70,6,49:19|68:1|70:6,4,0
58956884,4,27,16,44,25,70,6,27:16|44:25|70:6,4,0
58933177,6,6,8,27,9,53,14,6:8|27:9|53:14,1,1
58962406,8,13,15,31,7,80,19,13:15|31:7|80:19,2,0
58982418,6,1,16,7,1,48,3,1:16|7:1|48:3,2,0
58981085,8,47,4,63,15,80,19,47:4|63:15|80:19,3,0
58980444,8,7,2,43,5,70,6,7:2|43:5|70:6,7,0
58977066,5,3,21,59,2,70,6,3:21|59:2|70:6,5,0
58976569,8,1,15,26,9,54,8,1:15|26:9|54:8,2,0
58972116,6,1,16,62,11,63,15,1:16|62:11|63:15,1,1
58943764,7,38,9,73,24,82,21,38:9|73:24|82:21,7,0
58981378,7,1,16,17,5,63,15,1:16|17:5|63:15,3,0
58980444,7,31,7,43,5,63,15,31:7|43:5|63:15,2,0
58979727,6,58,10,63,15,65,16,58:10|63:15|65:16,4,0
58976683,7,16,9,37,15,63,15,16:9|37:15|63:15,5,0
58975879,8,26,9,44,25,63,15,26:9|44:25|63:15,6,0
58975298,7,8,22,63,15,87,24,8:22|63:15|87:24,1,1
58974907,7,63,15,65,16,77,24,63:15|65:16|77:24,6,0
58973942,6,2,11,63,15,76,3,2:11|63:15|76:3,2,0
58972851,5,59,2,63,15,69,9,59:2|63:15|69:9,7,0
58972523,5,8,22,9,10,63,15,8:22|9:10|63:15,4,0
58971807,7,21,9,61,5,63,15,21:9|61:5|63:15,5,0
58932877,5,29,1,32,5,65,16,29:1|32:5|65:16,8,0
58952313,5,23,18,26,9,83,6,23:18|26:9|83:6,7,0
58962605,6,6,7,54,8,68,1,6:7|54:8|68:1,5,0
58983123,3,10,1,62,11,80,19,10:1|62:11|80:19,5,0
58962854,7,23,15,35,1,62,11,23:15|35:1|62:11,5,0
58962213,6,63,15,85,13,87,24,63:15|85:13|87:24,5,0
58960017,5,31,7,53,14,54,8,31:7|53:14|54:8,6,0
58958411,2,7,1,46,16,62,11,7:1|46:16|62:11,7,0
58961914,7,7,2,39,21,52,24,7:2|39:21|52:24,5,0
58979919,8,6,7,72,11,79,8,6:7|72:11|79:8,7,0
58978205,8,6,8,67,14,74,3,6:8|67:14|74:3,7,0
58977695,5,31,7,41,24,53,13,31:7|41:24|53:13,5,0
58981085,6,22,3,59,2,62,11,22:3|59:2|62:11,6,0
58980185,8,22,3,49,19,69,9,22:3|49:19|69:9,2,0
58978926,7,21,9,25,11,43,5,21:9|25:11|43:5,3,0
58965135,8,3,21,42,24,46,16,3:21|42:24|46:16,6,0
58959345,5,3,21,31,7,46,16,3:21|31:7|46:16,7,0
58922975,8,3,21,63,15,79,8,3:21|63:15|79:8,4,0
58971353,6,6,8,9,9,76,3,6:8|9:9|76:3,3,0
58969936,6,1,16,4,13,59,2,1:16|4:13|59:2,6,0
58981627,6,38,9,51,22,65,16,38:9|51:22|65:16,7,0
58959345,8,5,6,22,3,74,3,5:6|22:3|74:3,2,0
58957985,7,5,6,21,9,59,2,5:6|21:9|59:2,8,0
58970745,6,16,9,21,9,27,2,16:9|21:9|27:2,3,0
58968256,7,6,8,30,13,71,14,6:8|30:13|71:14,8,0
58959773,5,1,16,4,13,62,11,1:16|4:13|62:11,3,0
58950706,8,3,16,53,13,70,6,3:16|53:13|70:6,2,0
58982050,8,41,24,63,15,82,21,41:24|63:15|82:21,5,0
58980752,7,61,5,63,15,87,24,61:5|63:15|87:24,7,0
58983734,7,1,16,54,8,86,1,1:16|54:8|86:1,2,0
58982418,7,1,16,56,20,70,6,1:16|56:20|70:6,1,1
58975298,5,1,16,44,25,59,2,1:16|44:25|59:2,7,0
58958900,8,75,22,84,18,86,1,75:22|84:18|86:1,1,1
58981085,4,43,5,59,2,84,18,43:5|59:2|84:18,4,0
58975163,6,42,24,43,5,85,13,42:24|43:5|85:13,5,0
58980655,8,18,15,43,5,56,20,18:15|43:5|56:20,4,0
58979727,7,18,15,24,21,59,2,18:15|24:21|59:2,3,0
58971672,8,7,1,18,15,49,19,7:1|18:15|49:19,1,1
58960305,6,2,10,13,19,18,15,2:10|13:19|18:15,1,1
58953234,5,4,13,27,2,80,19,4:13|27:2|80:19,4,0
58949545,3,7,1,11,18,70,6,7:1|11:18|70:6,5,0
58870747,7,3,21,12,6,86,1,3:21|12:6|86:1,3,0
58977695,7,7,1,12,7,72,11,7:1|12:7|72:11,2,0
58943552,4,20,4,72,11,79,8,20:4|72:11|79:8,1,1
58977695,8,1,18,6,8,54,8,1:18|6:8|54:8,7,0
58976867,6,47,4,62,11,74,3,47:4|62:11|74:3,5,0
58980949,8,26,9,48,3,76,3,26:9|48:3|76:3,5,0
58979919,7,16,9,76,3,87,24,16:9|76:3|87:24,4,0
58966991,8,44,25,72,11,76,3,44:25|72:11|76:3,2,0
58881424,8,2,10,58,10,68,1,2:10|58:10|68:1,7,0
58980185,7,13,19,23,15,26,9,13:19|23:15|26:9,5,0
58979030,5,26,9,40,6,53,14,26:9|40:6|53:14,7,0
58975584,3,26,9,53,13,74,3,26:9|53:13|74:3,6,0
58979176,7,61,5,62,11,74,3,61:5|62:11|74:3,5,0
58884696,7,22,3,25,11,80,19,22:3|25:11|80:19,6,0
58922288,6,10,20,47,4,56,20,10:20|47:4|56:20,6,0
58921332,2,10,20,41,24,78,16,10:20|41:24|78:16,6,0
58902072,5,10,20,42,24,71,14,10:20|42:24|71:14,1,1
58909044,5,6,8,26,9,55,14,6:8|26:9|55:14,5,0
58980949,6,4,13,13,19,82,21,4:13|13:19|82:21,2,0
58979176,6,9,9,19,6,72,11,9:9|19:6|72:11,7,0
58978926,4,9,9,28,13,62,11,9:9|28:13|62:11,7,0
58979359,7,31,7,45,4,47,4,31:7|45:4|47:4,7,0
58978926,5,10,1,23,15,70,6,10:1|23:15|70:6,5,0
58970397,7,7,1,16,9,31,7,7:1|16:9|31:7,4,0
58966075,4,4,13,7,1,42,24,4:13|7:1|42:24,6,0
58928289,6,16,9,50,21,70,6,16:9|50:21|70:6,4,0
58911451,5,10,1,20,4,70,6,10:1|20:4|70:6,4,0
58968102,6,35,2,51,22,64,24,35:2|51:22|64:24,5,0
58967786,8,6,8,43,5,45,4,6:8|43:5|45:4,7,0
58966423,7,38,9,51,22,87,24,38:9|51:22|87:24,3,0
58966212,4,11,18,18,15,51,22,11:18|18:15|51:22,7,0
58982247,6,16,9,37,15,76,3,16:9|37:15|76:3,4,0
58981201,7,37,15,66,24,76,3,37:15|66:24|76:3,3,0
58980293,8,25,11,48,3,74,3,25:11|48:3|74:3,2,0
58978388,7,53,13,72,11,74,3,53:13|72:11|74:3,2,0
58973332,6,61,5,69,9,71,14,61:5|69:9|71:14,6,0
58973008,5,41,24,53,13,62,11,41:24|53:13|62:11,6,0
58978263,6,49,19,74,3,84,18,49:19|74:3|84:18,7,0
58977066,6,12,7,61,5,84,18,12:7|61:5|84:18,7,0
58976569,7,33,1,62,11,84,18,33:1|62:11|84:18,3,0
58961679,7,57,23,68,1,84,18,57:23|68:1|84:18,4,0
58981085,7,49,19,55,14,61,5,49:19|55:14|61:5,1,1
58923374,3,49,19,59,2,83,6,49:19|59:2|83:6,5,0
58922695,7,5,6,63,15,77,24,5:6|63:15|77:24,6,0
58953894,5,9,9,15,5,74,3,9:9|15:5|74:3,7,0
58959773,7,22,3,23,15,42,24,22:3|23:15|42:24,5,0
58958766,8,3,16,13,19,18,15,3:16|13:19|18:15,5,0
58975644,8,3,21,19,6,85,13,3:21|19:6|85:13,6,0
58974652,8,1,15,33,1,84,18,1:15|33:1|84:18,3,0
58972467,6,2,11,42,24,86,1,2:11|42:24|86:1,6,0
58955467,6,47,4,59,2,76,3,47:4|59:2|76:3,7,0
58974452,7,8,22,76,3,77,24,8:22|76:3|77:24,5,0
58973585,5,16,9,58,10,76,3,16:9|58:10|76:3,8,0
58972319,3,48,3,76,3,87,24,48:3|76:3|87:24,4,0
58954774,5,23,15,47,4,81,9,23:15|47:4|81:9,7,0
58951459,6,44,25,49,19,81,9,44:25|49:19|81:9,5,0
58976569,5,22,3,31,7,82,21,22:3|31:7|82:21,8,0
58975745,4,3,21,37,15,70,6,3:21|37:15|70:6,4,0
58964736,5,7,1,25,11,61,5,7:1|25:11|61:5,4,0
58959575,7,7,1,59,2,70,6,7:1|59:2|70:6,4,0
58973332,3,7,1,49,19,69,9,7:1|49:19|69:9,3,0
58975584,8,7,1,12,7,79,8,7:1|12:7|79:8,5,0
58975298,8,12,7,53,13,61,5,12:7|53:13|61:5,8,0
58974338,6,3,21,32,5,85,13,3:21|32:5|85:13,5,0
58978388,6,3,21,20,4,31,7,3:21|20:4|31:7,6,0
58940902,6,47,4,57,23,83,6,47:4|57:23|83:6,6,0
58971527,6,15,5,71,14,80,19,15:5|71:14|80:19,5,0
58950454,5,39,21,45,4,87,24,39:21|45:4|87:24,7,0
58984739,8,38,9,41,24,67,14,38:9|41:24|67:14,7,0
58980752,8,19,6,40,6,87,24,19:6|40:6|87:24,5,0
58965284,3,20,4,57,23,87,24,20:4|57:23|87:24,8,0
58967471,7,56,20,60,6,70,6,56:20|60:6|70:6,5,0
58952543,7,74,3,80,19,87,24,74:3|80:19|87:24,7,0
58966075,6,21,9,67,14,87,24,21:9|67:14|87:24,7,0
58963732,5,6,8,15,6,38,9,6:8|15:6|38:9,7,0
58973942,3,16,9,74,3,77,24,16:9|74:3|77:24,3,0
58959575,6,6,8,13,15,21,9,6:8|13:15|21:9,7,0
58961679,8,7,1,63,15,87,24,7:1|63:15|87:24,8,0
58967244,6,38,9,49,19,87,24,38:9|49:19|87:24,4,0
58965446,7,18,15,27,6,38,9,18:15|27:6|38:9,8,0
58973332,7,19,6,62,11,85,13,19:6|62:11|85:13,7,0
58904965,6,3,21,47,4,58,10,3:21|47:4|58:10,4,0
58931696,7,17,5,54,8,68,1,17:5|54:8|68:1,1,1
58910617,6,4,13,19,6,21,9,4:13|19:6|21:9,3,0
58835684,6,8,22,78,16,87,24,8:22|78:16|87:24,4,0
58953959,4,27,16,72,11,83,6,27:16|72:11|83:6,6,0
58880159,2,46,16,59,2,84,18,46:16|59:2|84:18,1,1
58957772,5,18,15,26,9,49,19,18:15|26:9|49:19,5,0
58963005,7,18,15,22,3,35,2,18:15|22:3|35:2,7,0
58952265,8,2,11,49,19,59,2,2:11|49:19|59:2,1,1
58963437,2,33,1,37,15,62,11,33:1|37:15|62:11,1,1
